{
  "features": [
    "description"
  ],
  "embedding": "TF-IDF",
  "embedding_params": {
    "ngram_range": [
      1,
      2
    ],
    "min_df": 2,
    "max_df": 0.9,
    "sublinear_tf": true
  },
  "classifier": "LogisticRegression",
  "classifier_params": {
    "solver": "liblinear",
    "class_weight": "balanced",
    "max_iter": 250,
    "strategy": "OneVsRest"
  },
  "train_size": 0.7,
  "val_size": 0.15,
  "test_size": 0.15000000000000005,
  "random_state": 42,
  "focus_tags_only": true,
  "validation_metrics": {
    "games": {
      "precision": 0.7272727272727273,
      "recall": 0.7619047619047619,
      "f1-score": 0.7441860465116279,
      "support": 21.0
    },
    "geometry": {
      "precision": 0.425,
      "recall": 0.6538461538461539,
      "f1-score": 0.5151515151515151,
      "support": 26.0
    },
    "graphs": {
      "precision": 0.6235294117647059,
      "recall": 0.5463917525773195,
      "f1-score": 0.5824175824175825,
      "support": 97.0
    },
    "math": {
      "precision": 0.5619047619047619,
      "recall": 0.5315315315315315,
      "f1-score": 0.5462962962962963,
      "support": 222.0
    },
    "number theory": {
      "precision": 0.6666666666666666,
      "recall": 0.6,
      "f1-score": 0.631578947368421,
      "support": 50.0
    },
    "probabilities": {
      "precision": 0.5,
      "recall": 0.16666666666666666,
      "f1-score": 0.25,
      "support": 12.0
    },
    "strings": {
      "precision": 0.581081081081081,
      "recall": 0.7413793103448276,
      "f1-score": 0.6515151515151515,
      "support": 58.0
    },
    "trees": {
      "precision": 0.38596491228070173,
      "recall": 0.7586206896551724,
      "f1-score": 0.5116279069767442,
      "support": 29.0
    },
    "micro avg": {
      "precision": 0.5605214152700186,
      "recall": 0.5844660194174758,
      "f1-score": 0.5722433460076045,
      "support": 515.0
    },
    "macro avg": {
      "precision": 0.5589274451213306,
      "recall": 0.5950426083158041,
      "f1-score": 0.5540966807796673,
      "support": 515.0
    },
    "weighted avg": {
      "precision": 0.5743241861144414,
      "recall": 0.5844660194174758,
      "f1-score": 0.5708702234982375,
      "support": 515.0
    },
    "samples avg": {
      "precision": 0.31369924141008476,
      "recall": 0.32106202588130295,
      "f1-score": 0.3063364569388666,
      "support": 515.0
    }
  },
  "test_set_ids": [
    "sample_887",
    "sample_3364",
    "sample_2198",
    "sample_4826",
    "sample_4613",
    "sample_3855",
    "sample_1685",
    "sample_2221",
    "sample_3857",
    "sample_4698",
    "sample_4438",
    "sample_4453",
    "sample_1004",
    "sample_2726",
    "sample_2551",
    "sample_4893",
    "sample_2780",
    "sample_1021",
    "sample_4704",
    "sample_699",
    "sample_2191",
    "sample_4022",
    "sample_3946",
    "sample_755",
    "sample_3289",
    "sample_4946",
    "sample_3685",
    "sample_2183",
    "sample_3911",
    "sample_519",
    "sample_2994",
    "sample_3792",
    "sample_4870",
    "sample_4143",
    "sample_4253",
    "sample_3585",
    "sample_2792",
    "sample_4601",
    "sample_3051",
    "sample_1636",
    "sample_1579",
    "sample_4675",
    "sample_3037",
    "sample_1047",
    "sample_1335",
    "sample_2701",
    "sample_3561",
    "sample_1722",
    "sample_92",
    "sample_1324",
    "sample_3917",
    "sample_3574",
    "sample_3805",
    "sample_3867",
    "sample_4871",
    "sample_2589",
    "sample_2909",
    "sample_2150",
    "sample_1936",
    "sample_3136",
    "sample_117",
    "sample_3605",
    "sample_4281",
    "sample_2989",
    "sample_1206",
    "sample_1096",
    "sample_3965",
    "sample_464",
    "sample_3416",
    "sample_4347",
    "sample_876",
    "sample_1855",
    "sample_407",
    "sample_4394",
    "sample_1778",
    "sample_3492",
    "sample_4740",
    "sample_2588",
    "sample_2144",
    "sample_1604",
    "sample_4178",
    "sample_2643",
    "sample_794",
    "sample_1725",
    "sample_2202",
    "sample_199",
    "sample_3339",
    "sample_867",
    "sample_617",
    "sample_552",
    "sample_52",
    "sample_592",
    "sample_4804",
    "sample_2355",
    "sample_4716",
    "sample_4820",
    "sample_2910",
    "sample_4089",
    "sample_3198",
    "sample_923",
    "sample_255",
    "sample_1333",
    "sample_806",
    "sample_510",
    "sample_3287",
    "sample_2409",
    "sample_1422",
    "sample_1691",
    "sample_4346",
    "sample_3195",
    "sample_4647",
    "sample_4058",
    "sample_1515",
    "sample_2256",
    "sample_99",
    "sample_1586",
    "sample_1231",
    "sample_210",
    "sample_3767",
    "sample_4201",
    "sample_912",
    "sample_4407",
    "sample_3333",
    "sample_3533",
    "sample_3923",
    "sample_3108",
    "sample_4284",
    "sample_3978",
    "sample_1205",
    "sample_2337",
    "sample_3044",
    "sample_1297",
    "sample_468",
    "sample_2235",
    "sample_3870",
    "sample_3225",
    "sample_3997",
    "sample_4023",
    "sample_4142",
    "sample_317",
    "sample_1710",
    "sample_2311",
    "sample_4586",
    "sample_4387",
    "sample_2244",
    "sample_3157",
    "sample_3726",
    "sample_3687",
    "sample_550",
    "sample_70",
    "sample_1285",
    "sample_2695",
    "sample_4159",
    "sample_4611",
    "sample_3443",
    "sample_3525",
    "sample_369",
    "sample_4507",
    "sample_1626",
    "sample_4512",
    "sample_1383",
    "sample_196",
    "sample_1868",
    "sample_1222",
    "sample_2535",
    "sample_2703",
    "sample_1212",
    "sample_1707",
    "sample_3697",
    "sample_2889",
    "sample_2161",
    "sample_734",
    "sample_4037",
    "sample_3609",
    "sample_2823",
    "sample_2020",
    "sample_88",
    "sample_3116",
    "sample_1828",
    "sample_4101",
    "sample_104",
    "sample_3580",
    "sample_3865",
    "sample_4881",
    "sample_1119",
    "sample_2074",
    "sample_1175",
    "sample_4769",
    "sample_4447",
    "sample_2285",
    "sample_4530",
    "sample_3197",
    "sample_1927",
    "sample_1987",
    "sample_478",
    "sample_3477",
    "sample_820",
    "sample_4754",
    "sample_1481",
    "sample_4786",
    "sample_2159",
    "sample_4463",
    "sample_2976",
    "sample_802",
    "sample_3938",
    "sample_1896",
    "sample_2963",
    "sample_2357",
    "sample_1853",
    "sample_3153",
    "sample_4275",
    "sample_2948",
    "sample_1992",
    "sample_2005",
    "sample_4874",
    "sample_448",
    "sample_13",
    "sample_200",
    "sample_2156",
    "sample_1384",
    "sample_3207",
    "sample_637",
    "sample_279",
    "sample_1522",
    "sample_307",
    "sample_3097",
    "sample_3075",
    "sample_3282",
    "sample_3247",
    "sample_4816",
    "sample_3235",
    "sample_4196",
    "sample_2447",
    "sample_1109",
    "sample_593",
    "sample_391",
    "sample_257",
    "sample_1358",
    "sample_4245",
    "sample_2967",
    "sample_3980",
    "sample_2801",
    "sample_1793",
    "sample_45",
    "sample_4460",
    "sample_4470",
    "sample_1076",
    "sample_4223",
    "sample_687",
    "sample_2168",
    "sample_1230",
    "sample_53",
    "sample_4222",
    "sample_1029",
    "sample_19",
    "sample_2201",
    "sample_2520",
    "sample_1502",
    "sample_1413",
    "sample_4043",
    "sample_2166",
    "sample_1544",
    "sample_4282",
    "sample_2806",
    "sample_2216",
    "sample_1719",
    "sample_2402",
    "sample_2112",
    "sample_2246",
    "sample_1682",
    "sample_1903",
    "sample_2406",
    "sample_3074",
    "sample_2924",
    "sample_4779",
    "sample_4680",
    "sample_1820",
    "sample_3378",
    "sample_2899",
    "sample_72",
    "sample_3219",
    "sample_3330",
    "sample_25",
    "sample_535",
    "sample_4360",
    "sample_2404",
    "sample_711",
    "sample_2697",
    "sample_2408",
    "sample_393",
    "sample_943",
    "sample_1833",
    "sample_2800",
    "sample_2559",
    "sample_124",
    "sample_4153",
