{
  "features": [
    "description"
  ],
  "embedding": "word2vec",
  "embedding_params": {
    "vector_size": 100,
    "window": 5,
    "min_count": 2,
    "epochs": 10
  },
  "classifier": "LogisticRegression",
  "classifier_params": {
    "solver": "liblinear",
    "class_weight": "balanced",
    "max_iter": 250,
    "strategy": "OneVsRest"
  },
  "train_size": 0.7,
  "val_size": 0.15,
  "test_size": 0.15000000000000005,
  "random_state": 42,
  "focus_tags_only": true,
  "validation_metrics": {
    "games": {
      "precision": 0.4166666666666667,
      "recall": 0.6666666666666666,
      "f1-score": 0.5128205128205128,
      "support": 15.0
    },
    "geometry": {
      "precision": 0.3829787234042553,
      "recall": 0.8571428571428571,
      "f1-score": 0.5294117647058824,
      "support": 21.0
    },
    "graphs": {
      "precision": 0.45217391304347826,
      "recall": 0.7536231884057971,
      "f1-score": 0.5652173913043478,
      "support": 69.0
    },
    "math": {
      "precision": 0.7586206896551724,
      "recall": 0.8380952380952381,
      "f1-score": 0.7963800904977375,
      "support": 210.0
    },
    "number theory": {
      "precision": 0.416,
      "recall": 0.7878787878787878,
      "f1-score": 0.5445026178010471,
      "support": 66.0
    },
    "probabilities": {
      "precision": 0.12149532710280374,
      "recall": 0.7222222222222222,
      "f1-score": 0.208,
      "support": 18.0
    },
    "strings": {
      "precision": 0.8285714285714286,
      "recall": 0.7631578947368421,
      "f1-score": 0.7945205479452054,
      "support": 76.0
    },
    "trees": {
      "precision": 0.559322033898305,
      "recall": 0.7674418604651163,
      "f1-score": 0.6470588235294118,
      "support": 43.0
    },
    "micro avg": {
      "precision": 0.5288831835686778,
      "recall": 0.7953667953667953,
      "f1-score": 0.6353122590593677,
      "support": 518.0
    },
    "macro avg": {
      "precision": 0.49197859779276376,
      "recall": 0.7695285894516909,
      "f1-score": 0.574738968575518,
      "support": 518.0
    },
    "weighted avg": {
      "precision": 0.6205947682161809,
      "recall": 0.7953667953667953,
      "f1-score": 0.6813475629075783,
      "support": 518.0
    },
    "samples avg": {
      "precision": 0.5852036575228595,
      "recall": 0.8075644222776394,
      "f1-score": 0.6451371571072321,
      "support": 518.0
    }
  },
  "test_set_ids": [
    "sample_4626",
    "sample_625",
    "sample_29",
    "sample_79",
    "sample_1192",
    "sample_4980",
    "sample_3554",
    "sample_845",
    "sample_489",
    "sample_1777",
    "sample_1007",
    "sample_2167",
    "sample_3717",
    "sample_4096",
    "sample_3799",
    "sample_4767",
    "sample_4316",
    "sample_4435",
    "sample_306",
    "sample_4129",
    "sample_1112",
    "sample_371",
    "sample_3059",
    "sample_4771",
    "sample_227",
    "sample_4601",
    "sample_2641",
    "sample_2810",
    "sample_4297",
    "sample_3325",
    "sample_4608",
    "sample_484",
    "sample_1429",
    "sample_2948",
    "sample_1084",
    "sample_4035",
    "sample_1118",
    "sample_4419",
    "sample_2287",
    "sample_3806",
    "sample_3935",
    "sample_3024",
    "sample_2747",
    "sample_2811",
    "sample_590",
    "sample_4929",
    "sample_4048",
    "sample_4335",
    "sample_1287",
    "sample_2512",
    "sample_4261",
    "sample_2121",
    "sample_3417",
    "sample_4166",
    "sample_456",
    "sample_911",
    "sample_1317",
    "sample_4610",
    "sample_1488",
    "sample_2921",
    "sample_1907",
    "sample_1550",
    "sample_891",
    "sample_1843",
    "sample_2166",
    "sample_4742",
    "sample_2855",
    "sample_3528",
    "sample_4914",
    "sample_3891",
    "sample_3709",
    "sample_4126",
    "sample_2952",
    "sample_790",
    "sample_4120",
    "sample_3793",
    "sample_1461",
    "sample_554",
    "sample_3142",
    "sample_4509",
    "sample_1350",
    "sample_1149",
    "sample_4861",
    "sample_4091",
    "sample_4493",
    "sample_3133",
    "sample_4057",
    "sample_3119",
    "sample_4056",
    "sample_1314",
    "sample_4587",
    "sample_3913",
    "sample_2348",
    "sample_4705",
    "sample_223",
    "sample_3728",
    "sample_4428",
    "sample_66",
    "sample_378",
    "sample_3682",
    "sample_4574",
    "sample_1093",
    "sample_3355",
    "sample_3033",
    "sample_3663",
    "sample_4756",
    "sample_1171",
    "sample_2204",
    "sample_1903",
    "sample_4349",
    "sample_3557",
    "sample_309",
    "sample_3770",
    "sample_199",
    "sample_4680",
    "sample_569",
    "sample_506",
    "sample_3702",
    "sample_3262",
    "sample_1691",
    "sample_1174",
    "sample_3858",
    "sample_3288",
    "sample_3857",
    "sample_275",
    "sample_4158",
    "sample_4153",
    "sample_2378",
    "sample_4171",
    "sample_1072",
    "sample_1524",
    "sample_732",
    "sample_2263",
    "sample_2030",
    "sample_3079",
    "sample_2762",
    "sample_3076",
    "sample_2387",
    "sample_4597",
    "sample_188",
    "sample_2165",
    "sample_2307",
    "sample_41",
    "sample_2614",
    "sample_822",
    "sample_2168",
    "sample_377",
    "sample_630",
    "sample_4036",
    "sample_3075",
    "sample_326",
    "sample_3641",
    "sample_4247",
    "sample_3378",
    "sample_4899",
    "sample_4649",
    "sample_4725",
    "sample_1984",
    "sample_498",
    "sample_2609",
    "sample_3923",
    "sample_91",
    "sample_1930",
    "sample_4518",
    "sample_4378",
    "sample_4065",
    "sample_2678",
    "sample_3085",
    "sample_76",
    "sample_1",
    "sample_255",
    "sample_5",
    "sample_3211",
    "sample_1651",
    "sample_4256",
    "sample_2787",
    "sample_1025",
    "sample_2202",
    "sample_4375",
    "sample_4253",
    "sample_2945",
    "sample_3376",
    "sample_1308",
    "sample_3388",
    "sample_3415",
    "sample_983",
    "sample_170",
    "sample_4448",
    "sample_1448",
    "sample_1001",
    "sample_1004",
    "sample_4231",
    "sample_2132",
    "sample_2933",
    "sample_1717",
    "sample_2916",
    "sample_4222",
    "sample_1231",
    "sample_2683",
    "sample_1214",
    "sample_1158",
    "sample_3045",
    "sample_2769",
    "sample_1991",
    "sample_4285",
    "sample_1348",
    "sample_4393",
    "sample_2129",
    "sample_879",
    "sample_2851",
    "sample_3992",
    "sample_2798",
    "sample_1224",
    "sample_1397",
    "sample_4533",
    "sample_2928",
    "sample_4834",
    "sample_817",
    "sample_388",
    "sample_3551",
    "sample_4075",
    "sample_4059",
    "sample_2446",
    "sample_3230",
    "sample_3697",
    "sample_4785",
    "sample_2968",
    "sample_1588",
    "sample_2880",
    "sample_11",
    "sample_2475",
    "sample_1127",
    "sample_4245",
    "sample_1701",
    "sample_4898",
    "sample_3807",
    "sample_1828",
    "sample_3768",
    "sample_3630",
    "sample_1460",
    "sample_4485",
    "sample_734",
    "sample_3055",
    "sample_4657",
    "sample_4809",
    "sample_4901",
    "sample_1052",
    "sample_4909",
    "sample_1263",
    "sample_4160",
    "sample_4614",
    "sample_4402",
    "sample_1088",
    "sample_3516",
    "sample_2173",
    "sample_559",
    "sample_4051",
    "sample_1522",
    "sample_3064",
    "sample_932",
    "sample_873",
    "sample_2278",
    "sample_3700",
    "sample_1820",
    "sample_1659",
    "sample_2382",
    "sample_365",
    "sample_1990",
    "sample_2548",
    "sample_3423",
    "sample_1641",
    "sample_735",
    "sample_1787",
    "sample_4979",
    "sample_1095",
    "sample_1697",
    "sample_4718",
    "sample_2364",
    "sample_4761",
    "sample_651",
    "sample_358",
    "sample_1341",
    "sample_770",
    "sample_2270",
    "sample_3698",
    "sample_3047",
    "sample_3235",
    "sample_1046",
    "sample_3726",
    "sample_4593",
    "sample_2571",
    "sample_3173",
    "sample_2616",
    "sample_4219",
    "sample_3900",
    "sample_642",
